,date,link
0,2019-10-21,https://www.census.gov/programs-surveys/popproj.html
1,2019-10-21,https://www.census.gov/library/publications/2010/demo/p25-1139.html
2,2019-10-21,https://www.census.gov/regions
3,2019-10-21,https://www.census.gov/data/tables/time-series/demo/popest/pre-1980-county.html
4,2019-10-21,https://www.census.gov/programs-surveys/popest/about/schedule.html
5,2019-10-21,https://www.census.gov/programs-surveys/popest/geographies.html
6,2019-10-21,https://www.census.gov/topics/employment.html
7,2019-10-21,https://www.census.gov/programs-surveys/geography.html
8,2019-10-21,https://www.census.gov/programs-surveys/popest/data/tables.html
9,2019-10-21,https://www.census.gov/newsroom/stories.html
10,2019-10-21,https://www.instagram.com/uscensusbureau
11,2019-10-21,https://www.census.gov/library.html
12,2019-10-21,https://www.census.gov/programs-surveys/cps.html
13,2019-10-21,https://www.census.gov/AmericaCounts
14,2019-10-21,https://www.census.gov/programs-surveys/abs.html
15,2019-10-21,https://www.census.gov/businessandeconomy
16,2019-10-21,https://www.census.gov/programs-surveys/are-you-in-a-survey.html
17,2019-10-21,https://www.census.gov/programs-surveys/cog.html
18,2019-10-21,https://www.census.gov/programs-surveys/popest/library/publications.html
19,2019-10-21,https://www.census.gov/library/reference/code-lists/schedule/b.html
20,2019-10-21,https://www.census.gov/topics/population/population-estimates.html
21,2019-10-21,https://www.commerce.gov
22,2019-10-21,https://www.census.gov/data.html
23,2019-10-21,https://www.census.gov/foia
24,2019-10-21,https://www.census.gov/programs-surveys/saipe.html
25,2019-10-21,https://www.census.gov/programs-surveys/popest/about.html
26,2019-10-21,https://www.census.gov/library/visualizations.html
27,2019-10-21,https://www.census.gov/topics/population/race.html
28,2019-10-21,https://www.census.gov/data/tables/time-series/demo/popest/pre-1980-national.html
29,2019-10-21,https://www.census.gov/about/index.html
30,2019-10-21,https://www.linkedin.com/company/us-census-bureau
31,2019-10-21,https://www.census.gov/topics/housing.html
32,2019-10-21,https://www.census.gov/academy
33,2019-10-21,https://www.census.gov/library/publications/2015/demo/p25-1142.html
34,2019-10-21,https://www.census.gov/quality
35,2019-10-21,https://www.census.gov/data/tables.html
36,2019-10-21,https://www.census.gov/topics/population/migration.html
37,2019-10-21,https://www.census.gov/library/visualizations/2019/comm/age-race-distribution.html
38,2019-10-21,https://www.census.gov/data/data-tools.html
39,2019-10-21,https://www.census.gov/en.html
40,2019-10-21,https://www.census.gov/library/visualizations/2019/comm/housing-unit-change-2010-2018.html
41,2019-10-21,https://www.census.gov/datalinkage
42,2019-10-21,https://www.census.gov/about/contact-us/staff-finder.html
43,2019-10-21,https://www.census.gov/topics/income-poverty.html
44,2019-10-21,https://www.census.gov/EconomicCensus
45,2019-10-21,https://www.census.gov/topics/education.html
46,2019-10-21,https://www.census.gov/programs-surveys/susb.html
47,2019-10-21,https://www.census.gov/library/publications.html
48,2019-10-21,https://www.census.gov/topics/research.html
49,2019-10-21,https://www.census.gov/library/photos.html
50,2019-10-21,https://www.census.gov/programs-surveys/popest/news.html
51,2019-10-21,https://www.census.gov/programs-surveys/popest/guidance-geographies.html
52,2019-10-21,https://www.census.gov/topics/health.html
53,2019-10-21,https://www.census.gov/library/working-papers.html
54,2019-10-21,https://www.census.gov/careers
55,2019-10-21,https://www.census.gov/partners
56,2019-10-21,https://www.census.gov/about/what.html
57,2019-10-21,https://www.usa.gov
58,2019-10-21,https://www.census.gov/programs-surveys/decennial-census/decade/2010.html
59,2019-10-21,https://www.census.gov/topics/public-sector.html
60,2019-10-21,https://www.census.gov/topics/preparedness.html
61,2019-10-21,https://www.census.gov/about/who.html
62,2019-10-21,https://www.census.gov/about/contact-us.html
63,2019-10-21,https://www.census.gov/data/software.html
64,2019-10-21,https://www.census.gov/library/video.html
65,2019-10-21,https://www.census.gov/topics/population.html
66,2019-10-21,https://www.census.gov/about/business-opportunities.html
67,2019-10-21,https://www.census.gov/library/audio.html
68,2019-10-21,https://www.census.gov/programs-surveys/decennial-census/2020census-redirect.html
69,2019-10-21,https://www.census.gov/NAICS
70,2019-10-21,https://www.youtube.com/user/uscensusbureau
71,2019-10-21,https://www.census.gov/programs-surveys/ahs.html
72,2019-10-21,https://www.census.gov/internationalprograms
73,2019-10-21,https://www.census.gov/programs-surveys/popest/library.html
74,2019-10-21,https://www.facebook.com/uscensusbureau
75,2019-10-21,https://www.census.gov/library/publications/2010/demo/p25-1138.html
76,2019-10-21,https://www.census.gov/programs-surveys/sbo.html
77,2019-10-21,https://www.census.gov/about-us
78,2019-10-21,https://www.census.gov/data/training-workshops.html
79,2019-10-21,https://www.census.gov/newsroom/press-releases/2019/estimates-characteristics/estimates-characteristics-sp.html
80,2019-10-21,https://www.census.gov/programs-surveys/acs
81,2019-10-21,https://www.census.gov/topics/population/hispanic-origin.html
82,2019-10-21,https://www.census.gov/programs-surveys/surveys-programs.html
83,2019-10-21,https://www.census.gov/topics/international-trade.html
84,2019-10-21,https://www.census.gov/developers
85,2019-10-21,https://www.census.gov/programs-surveys/popest/guidance.html
86,2019-10-21,https://www.census.gov/programs-surveys/popest/library/visualizations.html
87,2019-10-21,https://www.census.gov/privacy
88,2019-10-21,https://www.census.gov/newsroom.html
89,2019-10-21,https://www.census.gov/data/related-sites.html
90,2019-10-21,https://www.census.gov/programs-surveys/cbp.html
91,2019-10-21,https://www.census.gov/programs-surveys/asm.html
92,2019-10-21,https://www.census.gov/newsroom/press-releases/2019/estimates-characteristics.html
93,2019-10-21,https://www.census.gov/about/policies/privacy/privacy-policy.html#accessibility
94,2019-10-21,https://www.census.gov/programs-surveys/popest/technical-documentation.html
95,2019-10-21,https://www.census.gov/programs-surveys/metro-micro.html
96,2019-10-21,https://www.census.gov/about/history.html
97,2019-10-21,https://www.census.gov/programs-surveys/sis.html
98,2019-10-21,https://www.census.gov/about/policies.html
99,2019-10-21,https://www.census.gov/programs-surveys/popest/data.html
100,2019-10-21,https://www.census.gov/about/what/admin-data.html
101,2019-10-21,https://www.census.gov/2020census
102,2019-10-21,https://www.census.gov/library/visualizations/2019/comm/15-fastest-growing-cities.html
103,2019-10-21,https://www.census.gov/data/tables/time-series/demo/popest/pre-1980-state.html
104,2019-10-21,https://www.census.gov/sipp
105,2019-10-21,https://www.census.gov/data/developers/data-sets/Geocoding-services.html
106,2019-10-21,https://www.census.gov/newsroom/blogs.html
107,2019-10-21,https://www.census.gov/newsroom/press-releases/2019/characteristics-embargo-advisory.html
108,2019-10-21,https://www.census.gov/fieldjobs
109,2019-10-21,https://twitter.com/uscensusbureau
110,2019-10-21,https://www.census.gov/topics/population/age-and-sex.html
111,2019-10-21,https://www.census.gov/topics/families.html
112,2019-10-21,https://www.census.gov/topics/public-sector/voting.html
113,2019-10-21,https://www.census.gov/programs-surveys.html
114,2019-10-21,https://www.census.gov/about/faqs.html
